-- phpMyAdmin SQL Dump
-- version 5.2.1
-- https://www.phpmyadmin.net/
--
-- Host: 127.0.0.1: 3308
-- Generation Time: Aug 27, 2025 at 05:57 PM
-- Server version: 10.4.28-MariaDB
-- PHP Version: 8.2.4

SET SQL_MODE = "NO_AUTO_VALUE_ON_ZERO";
START TRANSACTION;
SET time_zone = "+00:00";


/*!40101 SET @OLD_CHARACTER_SET_CLIENT=@@CHARACTER_SET_CLIENT */;
/*!40101 SET @OLD_CHARACTER_SET_RESULTS=@@CHARACTER_SET_RESULTS */;
/*!40101 SET @OLD_COLLATION_CONNECTION=@@COLLATION_CONNECTION */;
/*!40101 SET NAMES utf8mb4 */;

--
-- Database: `crad_system`
--

-- --------------------------------------------------------

--
-- Table structure for table `adviser_assignment`
--

CREATE TABLE `adviser_assignment` (
  `id` int(11) NOT NULL,
  `cluster_id` int(11) NOT NULL,
  `faculty_id` int(11) NOT NULL,
  `assigned_date` date NOT NULL,
  `notes` text DEFAULT NULL,
  `cluster_number` varchar(50) DEFAULT NULL,
  `created_at` timestamp NOT NULL DEFAULT current_timestamp()
) ENGINE=InnoDB DEFAULT CHARSET=utf8mb4 COLLATE=utf8mb4_general_ci;

-- --------------------------------------------------------

--
-- Table structure for table `clusters`
--

CREATE TABLE `clusters` (
  `id` int(11) NOT NULL,
  `program` varchar(100) NOT NULL,
  `cluster` varchar(50) NOT NULL,
  `school_year` varchar(20) NOT NULL,
  `faculty_id` int(11) DEFAULT NULL,
  `assigned_date` date DEFAULT NULL,
  `student_count` int(11) DEFAULT 0,
  `capacity` int(11) DEFAULT 50,
  `status` enum('assigned','pending','unassigned') DEFAULT 'unassigned',
  `created_date` timestamp NOT NULL DEFAULT current_timestamp() ON UPDATE current_timestamp()
) ENGINE=InnoDB DEFAULT CHARSET=utf8mb4 COLLATE=utf8mb4_general_ci;

--
-- Dumping data for table `clusters`
--

INSERT INTO `clusters` (`id`, `program`, `cluster`, `school_year`, `faculty_id`, `assigned_date`, `student_count`, `capacity`, `status`, `created_date`) VALUES
(63, 'BSIT', '41002', '2025-2026', 1, '2025-08-27', 0, 50, 'assigned', '2025-08-27 15:56:46');

-- --------------------------------------------------------

--
-- Table structure for table `defense_panel`
--

CREATE TABLE `defense_panel` (
  `id` int(11) NOT NULL,
  `defense_id` int(11) NOT NULL,
  `faculty_id` int(11) NOT NULL,
  `role` enum('chair','member') DEFAULT 'member',
  `created_at` timestamp NOT NULL DEFAULT current_timestamp()
) ENGINE=InnoDB DEFAULT CHARSET=latin1 COLLATE=latin1_swedish_ci;

-- --------------------------------------------------------

--
-- Table structure for table `defense_schedules`
--

CREATE TABLE `defense_schedules` (
  `id` int(11) NOT NULL,
  `group_id` int(11) DEFAULT NULL,
  `defense_date` date DEFAULT NULL,
  `start_time` time DEFAULT NULL,
  `end_time` time DEFAULT NULL,
  `room_id` int(11) DEFAULT NULL,
  `status` enum('scheduled','completed','cancelled') DEFAULT 'scheduled',
  `created_at` timestamp NOT NULL DEFAULT current_timestamp()
) ENGINE=InnoDB DEFAULT CHARSET=latin1 COLLATE=latin1_swedish_ci;

-- --------------------------------------------------------

--
-- Table structure for table `document_submissions`
--

CREATE TABLE `document_submissions` (
  `id` int(11) NOT NULL,
  `group_id` int(11) DEFAULT NULL,
  `document_id` int(11) DEFAULT NULL,
  `file_path` varchar(255) DEFAULT NULL,
  `submitted_at` timestamp NOT NULL DEFAULT current_timestamp(),
  `status` enum('pending','approved','rejected') DEFAULT 'pending'
) ENGINE=InnoDB DEFAULT CHARSET=latin1 COLLATE=latin1_swedish_ci;

-- --------------------------------------------------------

--
-- Table structure for table `faculty`
--

CREATE TABLE `faculty` (
  `id` int(11) NOT NULL,
  `fullname` varchar(100) NOT NULL,
  `department` varchar(50) NOT NULL,
  `expertise` varchar(100) NOT NULL
) ENGINE=InnoDB DEFAULT CHARSET=utf8mb4 COLLATE=utf8mb4_general_ci;

--
-- Dumping data for table `faculty`
--

INSERT INTO `faculty` (`id`, `fullname`, `department`, `expertise`) VALUES
(1, 'Dr. Maria Santos', 'Accounting', 'Financial Accounting and Auditing'),
(2, 'Prof. James Wilson', 'Information Technology', 'Web Development and Database Systems'),
(3, 'Dr. Lisa Chen', 'Hospitality Management', 'Hotel Operations and Management'),
(4, 'Prof. Robert Garcia', 'Criminology', 'Forensic Science and Criminal Investigation'),
(5, 'Dr. Sarah Johnson', 'Tourism', 'Eco-Tourism and Travel Management'),
(6, 'Dr. Michael Brown', 'Accounting', 'Taxation and Business Law'),
(7, 'Prof. Emily Williams', 'Information Technology', 'Cybersecurity and Network Administration'),
(8, 'Dr. David Lee', 'Hospitality Management', 'Food and Beverage Management'),
(9, 'Prof. Amanda Rodriguez', 'Criminology', 'Criminal Psychology and Behavior'),
(10, 'Dr. Jennifer Kim', 'Tourism', 'Tourism Planning and Development');

-- --------------------------------------------------------

--
-- Table structure for table `groups`
--

CREATE TABLE `groups` (
  `id` int(11) NOT NULL,
  `name` varchar(255) NOT NULL,
  `program` varchar(50) NOT NULL,
  `cluster_id` int(11) DEFAULT NULL,
  `join_code` varchar(10) DEFAULT NULL,
  `created_at` timestamp NOT NULL DEFAULT current_timestamp()
) ENGINE=InnoDB DEFAULT CHARSET=latin1 COLLATE=latin1_swedish_ci;

--
-- Dumping data for table `groups`
--

INSERT INTO `groups` (`id`, `name`, `program`, `cluster_id`, `join_code`, `created_at`) VALUES
(14, 'CRAD', 'BSIT', NULL, 'AE85E1', '2025-08-25 16:41:10');

-- --------------------------------------------------------

--
-- Table structure for table `group_members`
--

CREATE TABLE `group_members` (
  `id` int(11) NOT NULL,
  `group_id` int(11) NOT NULL,
  `student_id` int(11) NOT NULL
) ENGINE=InnoDB DEFAULT CHARSET=latin1 COLLATE=latin1_swedish_ci;

--
-- Dumping data for table `group_members`
--

INSERT INTO `group_members` (`id`, `group_id`, `student_id`) VALUES
(25, 14, 1);

-- --------------------------------------------------------

--
-- Table structure for table `panel_invitations`
--

CREATE TABLE `panel_invitations` (
  `id` int(11) NOT NULL,
  `panel_id` int(11) NOT NULL,
  `token` varchar(64) NOT NULL,
  `status` enum('pending','accepted','rejected') NOT NULL DEFAULT 'pending',
  `invited_at` datetime NOT NULL DEFAULT current_timestamp(),
  `responded_at` datetime DEFAULT NULL
) ENGINE=InnoDB DEFAULT CHARSET=latin1 COLLATE=latin1_swedish_ci;

--
-- Dumping data for table `panel_invitations`
--

INSERT INTO `panel_invitations` (`id`, `panel_id`, `token`, `status`, `invited_at`, `responded_at`) VALUES
(0, 8, 'f02432185b3a80a66691cd67336e800e32c170c099ec03d8c7e90f8549cd4fa6', 'rejected', '2025-08-25 22:31:46', '2025-08-25 22:33:52'),
(0, 8, '2befe2d3c3c74a7b237e31e5cc78245b4d4a97b7bc3d536f6c41e82c3274a076', 'accepted', '2025-08-25 22:37:54', '2025-08-25 22:38:55'),
(0, 9, '728ecda4f4f6fa58174a6e9f0e42be8aadf06823072c56df5ea92a5df1c31458', 'accepted', '2025-08-27 18:47:31', '2025-08-27 18:48:43');

-- --------------------------------------------------------

--
-- Table structure for table `panel_members`
--

CREATE TABLE `panel_members` (
  `id` int(11) NOT NULL,
  `first_name` varchar(50) NOT NULL,
  `last_name` varchar(50) NOT NULL,
  `email` varchar(100) NOT NULL,
  `specialization` varchar(100) NOT NULL,
  `program` varchar(50) DEFAULT NULL,
  `status` enum('active','inactive') DEFAULT 'active',
  `created_at` timestamp NOT NULL DEFAULT current_timestamp(),
  `updated_at` timestamp NOT NULL DEFAULT current_timestamp() ON UPDATE current_timestamp()
) ENGINE=InnoDB DEFAULT CHARSET=utf8mb4 COLLATE=utf8mb4_general_ci;

--
-- Dumping data for table `panel_members`
--

INSERT INTO `panel_members` (`id`, `first_name`, `last_name`, `email`, `specialization`, `program`, `status`, `created_at`, `updated_at`) VALUES
(8, 'John Marvic', 'Giray', 'girayjohnmarvic09@gmail.com', 'Information Technology', 'bsit', 'active', '2025-08-25 14:31:40', '2025-08-25 14:31:40'),
(9, 'Justene Jean', 'Siarez', 'justenesiarez@gmail.com', 'Medical Office Admin', 'general', 'active', '2025-08-27 10:47:12', '2025-08-27 10:47:12');

-- --------------------------------------------------------

--
-- Table structure for table `payments`
--

CREATE TABLE `payments` (
  `id` int(11) NOT NULL,
  `student_id` int(11) NOT NULL,
  `amount` decimal(10,2) NOT NULL,
  `status` enum('pending','completed','failed') NOT NULL DEFAULT 'pending',
  `payment_date` timestamp NOT NULL DEFAULT current_timestamp()
) ENGINE=InnoDB DEFAULT CHARSET=latin1 COLLATE=latin1_swedish_ci;

--
-- Dumping data for table `payments`
--

INSERT INTO `payments` (`id`, `student_id`, `amount`, `status`, `payment_date`) VALUES
(7, 1, 100.00, 'completed', '2025-08-25 13:17:07');

-- --------------------------------------------------------

--
-- Table structure for table `proposals`
--

CREATE TABLE `proposals` (
  `id` int(11) NOT NULL,
  `group_id` int(11) NOT NULL,
  `title` varchar(255) NOT NULL,
  `description` text DEFAULT NULL,
  `file_path` varchar(255) DEFAULT NULL,
  `submitted_at` timestamp NOT NULL DEFAULT current_timestamp(),
  `status` enum('Pending','Approved','Rejected','Under Review','Revision Requested') NOT NULL DEFAULT 'Pending',
  `feedback` text DEFAULT NULL,
  `reviewed_at` timestamp NULL DEFAULT NULL
) ENGINE=InnoDB DEFAULT CHARSET=latin1 COLLATE=latin1_swedish_ci;

-- --------------------------------------------------------

--
-- Table structure for table `required_documents`
--

CREATE TABLE `required_documents` (
  `id` int(11) NOT NULL,
  `document_name` varchar(255) DEFAULT NULL,
  `description` text DEFAULT NULL,
  `required_for_defense` tinyint(1) DEFAULT 0
) ENGINE=InnoDB DEFAULT CHARSET=latin1 COLLATE=latin1_swedish_ci;

-- --------------------------------------------------------

--
-- Table structure for table `rooms`
--

CREATE TABLE `rooms` (
  `id` int(11) NOT NULL,
  `room_name` varchar(50) DEFAULT NULL,
  `building` varchar(100) DEFAULT NULL,
  `capacity` int(11) DEFAULT NULL
) ENGINE=InnoDB DEFAULT CHARSET=latin1 COLLATE=latin1_swedish_ci;

--
-- Dumping data for table `rooms`
--

INSERT INTO `rooms` (`id`, `room_name`, `building`, `capacity`) VALUES
(1, 'Room 101', 'Main Building', 40),
(2, 'Room 102', 'Main Building', 35),
(3, 'Room 201', 'Science Building', 50),
(4, 'Room 202', 'Science Building', 45),
(5, 'Room 301', 'Engineering Building', 60),
(6, 'Room 302', 'Engineering Building', 55),
(7, 'Auditorium', 'Main Building', 200),
(8, 'Library Conference Room', 'Library Building', 25),
(9, 'IT Lab 1', 'Tech Building', 40),
(10, 'IT Lab 2', 'Tech Building', 40);

-- --------------------------------------------------------

--
-- Table structure for table `student_profiles`
--

CREATE TABLE `student_profiles` (
  `id` int(11) NOT NULL,
  `user_id` int(11) NOT NULL,
  `school_id` varchar(50) NOT NULL,
  `full_name` varchar(100) NOT NULL,
  `program` varchar(50) NOT NULL,
  `cluster` varchar(20) DEFAULT '0',
  `faculty_id` int(11) DEFAULT NULL,
  `school_year` varchar(20) NOT NULL,
  `created_at` timestamp NOT NULL DEFAULT current_timestamp(),
  `updated_at` timestamp NOT NULL DEFAULT current_timestamp() ON UPDATE current_timestamp()
) ENGINE=InnoDB DEFAULT CHARSET=utf8mb4 COLLATE=utf8mb4_general_ci;

--
-- Dumping data for table `student_profiles`
--

INSERT INTO `student_profiles` (`id`, `user_id`, `school_id`, `full_name`, `program`, `cluster`, `faculty_id`, `school_year`, `created_at`, `updated_at`) VALUES
(14, 1, '21016692', 'John Marvic Giray', 'BSIT', NULL, NULL, '2025-2026', '2025-08-25 13:16:56', '2025-08-27 15:56:23');

-- --------------------------------------------------------

--
-- Table structure for table `submission_timelines`
--

CREATE TABLE `submission_timelines` (
  `id` int(11) NOT NULL,
  `title` varchar(255) NOT NULL,
  `description` text DEFAULT NULL,
  `is_active` tinyint(1) DEFAULT 1,
  `created_at` timestamp NOT NULL DEFAULT current_timestamp(),
  `updated_at` timestamp NOT NULL DEFAULT current_timestamp() ON UPDATE current_timestamp()
) ENGINE=InnoDB DEFAULT CHARSET=utf8mb4 COLLATE=utf8mb4_general_ci;

--
-- Dumping data for table `submission_timelines`
--

INSERT INTO `submission_timelines` (`id`, `title`, `description`, `is_active`, `created_at`, `updated_at`) VALUES
(3, 'Capstone', 'Timeline', 1, '2025-08-25 13:15:48', '2025-08-25 13:15:48');

-- --------------------------------------------------------

--
-- Table structure for table `timeline_milestones`
--

CREATE TABLE `timeline_milestones` (
  `id` int(11) NOT NULL,
  `timeline_id` int(11) NOT NULL,
  `title` varchar(255) NOT NULL,
  `description` text DEFAULT NULL,
  `deadline` datetime NOT NULL,
  `status` enum('pending','active','completed') DEFAULT 'pending',
  `created_at` timestamp NOT NULL DEFAULT current_timestamp(),
  `updated_at` timestamp NOT NULL DEFAULT current_timestamp() ON UPDATE current_timestamp()
) ENGINE=InnoDB DEFAULT CHARSET=utf8mb4 COLLATE=utf8mb4_general_ci;

--
-- Dumping data for table `timeline_milestones`
--

INSERT INTO `timeline_milestones` (`id`, `timeline_id`, `title`, `description`, `deadline`, `status`, `created_at`, `updated_at`) VALUES
(1, 1, 'Chapter 1 Week 1', '', '2025-08-20 23:45:00', 'pending', '2025-08-20 15:43:53', '2025-08-20 15:43:53'),
(2, 1, 'Chapter 2 Week 2', '', '2025-08-20 23:46:00', 'pending', '2025-08-20 15:43:53', '2025-08-20 15:43:53'),
(3, 2, 'Phase 1 – Proposal Stage', 'Week 1–2 → Topic Selection & Title Defense\r\n\r\nWeek 3–4 → Submission of Research Proposal (Chapters 1–3 draft)\r\n\r\nWeek 5 → Proposal Defense & Panel Feedback\r\n\r\nWeek 6 → Proposal Revision & Final Approval', '2025-08-23 12:00:00', 'pending', '2025-08-22 07:56:25', '2025-08-22 07:57:02'),
(4, 2, 'Phase 2 – Research Development', 'Week 7–8 → Data Gathering / System Development (if IT capstone)\r\n\r\nWeek 9–10 → Progress Report Submission (50% completion)\r\n\r\nWeek 11–12 → Second Progress Report Submission (80% completion)', '2025-08-25 12:00:00', 'pending', '2025-08-22 07:56:25', '2025-08-22 07:56:25'),
(5, 2, 'Phase 3 – Pre-Final Stage', 'Week 13 → Draft Submission of Full Manuscript (Chapters 1–5)\r\n\r\nWeek 14 → Pre-Oral Defense\r\n\r\nWeek 15 → Revision & Final Manuscript Submission', '2025-08-26 12:00:00', 'pending', '2025-08-22 07:56:25', '2025-08-22 07:56:25'),
(6, 2, 'Phase 4 – Final Stage', 'Week 16 → Final Defense / System Demonstration\r\n\r\nWeek 17 → Incorporation of Panel Revisions\r\n\r\nWeek 18 → Final Book Binding / System Deployment / Submission to Library', '2025-08-29 12:00:00', 'pending', '2025-08-22 07:56:25', '2025-08-22 07:56:25'),
(7, 3, 'Chapter 1 Week 1', 'Pasa kayo mga kupal', '2025-08-25 12:00:00', 'pending', '2025-08-25 13:15:48', '2025-08-25 13:15:48'),
(8, 3, 'Chapter 2 Week 2', 'Ito rin papahirapan ko kayo', '2025-08-26 12:00:00', 'pending', '2025-08-25 13:15:48', '2025-08-25 13:15:48'),
(9, 3, 'Chapter 3 Week 3', 'Yan 1 day lang deadlines n\'yo haha', '2025-08-27 12:00:00', 'pending', '2025-08-25 13:15:48', '2025-08-25 13:15:48');

-- --------------------------------------------------------

--
-- Table structure for table `user_tbl`
--

CREATE TABLE `user_tbl` (
  `user_id` int(11) NOT NULL,
  `email` varchar(150) NOT NULL,
  `password` varchar(255) NOT NULL,
  `role` enum('Admin','Faculty','Student') NOT NULL DEFAULT 'Student',
  `created_at` timestamp NOT NULL DEFAULT current_timestamp()
) ENGINE=InnoDB DEFAULT CHARSET=latin1 COLLATE=latin1_swedish_ci;

--
-- Dumping data for table `user_tbl`
--

INSERT INTO `user_tbl` (`user_id`, `email`, `password`, `role`, `created_at`) VALUES
(1, 'girayjohnmarvic09@gmail.com', '$2y$10$HwoUxxl3T4A3LRnOiI4sTuxu0jcqX7PusDTDgAoiVf8VnVGWDUWli', 'Student', '2025-08-20 14:48:00'),
(2, 'coby@gmail.com', '$2y$10$dzFqqrbC2NTeO.Vn/8FtVOUuhQDDdIgdIKxSe4sJfUIfaKQnP5gwu', 'Student', '2025-08-20 15:18:56'),
(5, 'admin@gmail.com', '$2y$10$qfM4wrFY47klhpxEDSr0N.5KewyovnP62Qpt7tNXkGApVh/kTHzCy', 'Admin', '2025-08-20 15:40:21'),
(6, 'Hyein@gmail.com', '$2y$10$qjO0RfgNB/lBD2X5kHdJh.Nro9zl3Z8rxWIKv5yXnaieKmCn8x1Im', 'Admin', '2025-08-22 07:21:05'),
(7, 'leandro.lojero23@gmail.com', '$2y$10$U7UwMa8yFtv8jCCtgB8dW.Q949HIYS496xxESF9rpbwWzUVJEqaPy', 'Student', '2025-08-22 07:23:21'),
(8, 'Hanni@gmail.com', '$2y$10$gFZtjV5ywm5IBUiai9vFxeM3AgckDKkzIFbyLaGKWij19ILL88kn.', 'Student', '2025-08-22 07:30:46'),
(9, 'Haerin@gmail.com', '$2y$10$IFk3eicV9LTUxvINl6fzJezed50.6A6w.OKzVzFarlWy8H/D/CDeW', 'Student', '2025-08-24 09:19:19'),
(10, 'estardo@gmail.com', '$2y$10$pPBylJ7rtgHRHslCugRNzufDid11X/qtkidole72Zf2GCc5aXQvn.', 'Student', '2025-08-25 08:57:23');

--
-- Indexes for dumped tables
--

--
-- Indexes for table `adviser_assignment`
--
ALTER TABLE `adviser_assignment`
  ADD PRIMARY KEY (`id`),
  ADD KEY `cluster_id` (`cluster_id`),
  ADD KEY `faculty_id` (`faculty_id`);

--
-- Indexes for table `clusters`
--
ALTER TABLE `clusters`
  ADD PRIMARY KEY (`id`),
  ADD KEY `faculty_id` (`faculty_id`),
  ADD KEY `idx_clusters_program_year` (`program`,`school_year`);

--
-- Indexes for table `defense_panel`
--
ALTER TABLE `defense_panel`
  ADD PRIMARY KEY (`id`),
  ADD KEY `defense_id` (`defense_id`),
  ADD KEY `faculty_id` (`faculty_id`);

--
-- Indexes for table `defense_schedules`
--
ALTER TABLE `defense_schedules`
  ADD PRIMARY KEY (`id`),
  ADD KEY `group_id` (`group_id`);

--
-- Indexes for table `document_submissions`
--
ALTER TABLE `document_submissions`
  ADD PRIMARY KEY (`id`),
  ADD KEY `group_id` (`group_id`);

--
-- Indexes for table `faculty`
--
ALTER TABLE `faculty`
  ADD PRIMARY KEY (`id`);

--
-- Indexes for table `groups`
--
ALTER TABLE `groups`
  ADD PRIMARY KEY (`id`),
  ADD UNIQUE KEY `join_code` (`join_code`),
  ADD KEY `fk_groups_cluster` (`cluster_id`);

--
-- Indexes for table `group_members`
--
ALTER TABLE `group_members`
  ADD PRIMARY KEY (`id`),
  ADD UNIQUE KEY `group_id` (`group_id`,`student_id`),
  ADD KEY `student_id` (`student_id`);

--
-- Indexes for table `panel_invitations`
--
ALTER TABLE `panel_invitations`
  ADD PRIMARY KEY (`invited_at`) USING BTREE,
  ADD UNIQUE KEY `token` (`token`),
  ADD UNIQUE KEY `unique_invitation` (`invited_at`) USING BTREE,
  ADD KEY `panel_id` (`panel_id`);

--
-- Indexes for table `panel_members`
--
ALTER TABLE `panel_members`
  ADD PRIMARY KEY (`id`),
  ADD UNIQUE KEY `email` (`email`);

--
-- Indexes for table `payments`
--
ALTER TABLE `payments`
  ADD PRIMARY KEY (`id`),
  ADD KEY `student_id` (`student_id`);

--
-- Indexes for table `proposals`
--
ALTER TABLE `proposals`
  ADD PRIMARY KEY (`id`),
  ADD KEY `group_id` (`group_id`);

--
-- Indexes for table `required_documents`
--
ALTER TABLE `required_documents`
  ADD PRIMARY KEY (`id`);

--
-- Indexes for table `rooms`
--
ALTER TABLE `rooms`
  ADD PRIMARY KEY (`id`);

--
-- Indexes for table `student_profiles`
--
ALTER TABLE `student_profiles`
  ADD PRIMARY KEY (`id`),
  ADD UNIQUE KEY `unique_user` (`user_id`),
  ADD KEY `fk_student_profiles_faculty` (`faculty_id`),
  ADD KEY `idx_student_profiles_cluster` (`cluster`),
  ADD KEY `idx_student_profiles_program_year` (`program`,`school_year`);

--
-- Indexes for table `submission_timelines`
--
ALTER TABLE `submission_timelines`
  ADD PRIMARY KEY (`id`);

--
-- Indexes for table `timeline_milestones`
--
ALTER TABLE `timeline_milestones`
  ADD PRIMARY KEY (`id`),
  ADD KEY `timeline_id` (`timeline_id`);

--
-- Indexes for table `user_tbl`
--
ALTER TABLE `user_tbl`
  ADD PRIMARY KEY (`user_id`),
  ADD UNIQUE KEY `email` (`email`);

--
-- AUTO_INCREMENT for dumped tables
--

--
-- AUTO_INCREMENT for table `adviser_assignment`
--
ALTER TABLE `adviser_assignment`
  MODIFY `id` int(11) NOT NULL AUTO_INCREMENT, AUTO_INCREMENT=25;

--
-- AUTO_INCREMENT for table `clusters`
--
ALTER TABLE `clusters`
  MODIFY `id` int(11) NOT NULL AUTO_INCREMENT, AUTO_INCREMENT=64;

--
-- AUTO_INCREMENT for table `defense_panel`
--
ALTER TABLE `defense_panel`
  MODIFY `id` int(11) NOT NULL AUTO_INCREMENT, AUTO_INCREMENT=14;

--
-- AUTO_INCREMENT for table `defense_schedules`
--
ALTER TABLE `defense_schedules`
  MODIFY `id` int(11) NOT NULL AUTO_INCREMENT, AUTO_INCREMENT=7;

--
-- AUTO_INCREMENT for table `document_submissions`
--
ALTER TABLE `document_submissions`
  MODIFY `id` int(11) NOT NULL AUTO_INCREMENT;

--
-- AUTO_INCREMENT for table `faculty`
--
ALTER TABLE `faculty`
  MODIFY `id` int(11) NOT NULL AUTO_INCREMENT, AUTO_INCREMENT=11;

--
-- AUTO_INCREMENT for table `groups`
--
ALTER TABLE `groups`
  MODIFY `id` int(11) NOT NULL AUTO_INCREMENT, AUTO_INCREMENT=15;

--
-- AUTO_INCREMENT for table `group_members`
--
ALTER TABLE `group_members`
  MODIFY `id` int(11) NOT NULL AUTO_INCREMENT, AUTO_INCREMENT=26;

--
-- AUTO_INCREMENT for table `panel_members`
--
ALTER TABLE `panel_members`
  MODIFY `id` int(11) NOT NULL AUTO_INCREMENT, AUTO_INCREMENT=10;

--
-- AUTO_INCREMENT for table `payments`
--
ALTER TABLE `payments`
  MODIFY `id` int(11) NOT NULL AUTO_INCREMENT, AUTO_INCREMENT=8;

--
-- AUTO_INCREMENT for table `proposals`
--
ALTER TABLE `proposals`
  MODIFY `id` int(11) NOT NULL AUTO_INCREMENT, AUTO_INCREMENT=3;

--
-- AUTO_INCREMENT for table `required_documents`
--
ALTER TABLE `required_documents`
  MODIFY `id` int(11) NOT NULL AUTO_INCREMENT;

--
-- AUTO_INCREMENT for table `rooms`
--
ALTER TABLE `rooms`
  MODIFY `id` int(11) NOT NULL AUTO_INCREMENT, AUTO_INCREMENT=11;

--
-- AUTO_INCREMENT for table `student_profiles`
--
ALTER TABLE `student_profiles`
  MODIFY `id` int(11) NOT NULL AUTO_INCREMENT, AUTO_INCREMENT=15;

--
-- AUTO_INCREMENT for table `submission_timelines`
--
ALTER TABLE `submission_timelines`
  MODIFY `id` int(11) NOT NULL AUTO_INCREMENT, AUTO_INCREMENT=4;

--
-- AUTO_INCREMENT for table `timeline_milestones`
--
ALTER TABLE `timeline_milestones`
  MODIFY `id` int(11) NOT NULL AUTO_INCREMENT, AUTO_INCREMENT=10;

--
-- AUTO_INCREMENT for table `user_tbl`
--
ALTER TABLE `user_tbl`
  MODIFY `user_id` int(11) NOT NULL AUTO_INCREMENT, AUTO_INCREMENT=11;

--
-- Constraints for dumped tables
--

--
-- Constraints for table `adviser_assignment`
--
ALTER TABLE `adviser_assignment`
  ADD CONSTRAINT `adviser_assignment_ibfk_1` FOREIGN KEY (`cluster_id`) REFERENCES `clusters` (`id`) ON DELETE CASCADE,
  ADD CONSTRAINT `adviser_assignment_ibfk_2` FOREIGN KEY (`faculty_id`) REFERENCES `faculty` (`id`) ON DELETE CASCADE;

--
-- Constraints for table `clusters`
--
ALTER TABLE `clusters`
  ADD CONSTRAINT `clusters_ibfk_1` FOREIGN KEY (`faculty_id`) REFERENCES `faculty` (`id`),
  ADD CONSTRAINT `fk_clusters_faculty` FOREIGN KEY (`faculty_id`) REFERENCES `faculty` (`id`) ON DELETE SET NULL;

--
-- Constraints for table `defense_schedules`
--
ALTER TABLE `defense_schedules`
  ADD CONSTRAINT `defense_schedules_ibfk_1` FOREIGN KEY (`group_id`) REFERENCES `groups` (`id`);

--
-- Constraints for table `document_submissions`
--
ALTER TABLE `document_submissions`
  ADD CONSTRAINT `document_submissions_ibfk_1` FOREIGN KEY (`group_id`) REFERENCES `groups` (`id`);

--
-- Constraints for table `groups`
--
ALTER TABLE `groups`
  ADD CONSTRAINT `fk_groups_cluster` FOREIGN KEY (`cluster_id`) REFERENCES `clusters` (`id`) ON DELETE SET NULL ON UPDATE CASCADE;

--
-- Constraints for table `group_members`
--
ALTER TABLE `group_members`
  ADD CONSTRAINT `group_members_ibfk_1` FOREIGN KEY (`group_id`) REFERENCES `groups` (`id`) ON DELETE CASCADE,
  ADD CONSTRAINT `group_members_ibfk_2` FOREIGN KEY (`student_id`) REFERENCES `user_tbl` (`user_id`) ON DELETE CASCADE;

--
-- Constraints for table `payments`
--
ALTER TABLE `payments`
  ADD CONSTRAINT `payments_ibfk_1` FOREIGN KEY (`student_id`) REFERENCES `user_tbl` (`user_id`) ON DELETE CASCADE;

--
-- Constraints for table `proposals`
--
ALTER TABLE `proposals`
  ADD CONSTRAINT `proposals_ibfk_1` FOREIGN KEY (`group_id`) REFERENCES `groups` (`id`) ON DELETE CASCADE;

--
-- Constraints for table `student_profiles`
--
ALTER TABLE `student_profiles`
  ADD CONSTRAINT `fk_student_profiles_faculty` FOREIGN KEY (`faculty_id`) REFERENCES `faculty` (`id`) ON DELETE SET NULL;

DELIMITER $$
--
-- Events
--
CREATE DEFINER=`root`@`localhost` EVENT `defense_schedules` ON SCHEDULE EVERY 1 MINUTE STARTS '2025-08-23 11:13:12' ON COMPLETION NOT PRESERVE ENABLE DO UPDATE defense_schedules
  SET status = 'completed'
  WHERE end_time < CURTIME() 
    AND defense_date <= CURDATE()
    AND status = 'scheduled'$$

CREATE DEFINER=`root`@`localhost` EVENT `update_defense_status` ON SCHEDULE EVERY 1 MINUTE STARTS '2025-08-24 03:57:24' ON COMPLETION NOT PRESERVE ENABLE DO UPDATE defense_schedules
  SET status = 'completed'
  WHERE status = 'scheduled'
    AND TIMESTAMP(defense_date, end_time) < NOW()$$

DELIMITER ;
COMMIT;

/*!40101 SET CHARACTER_SET_CLIENT=@OLD_CHARACTER_SET_CLIENT */;
/*!40101 SET CHARACTER_SET_RESULTS=@OLD_CHARACTER_SET_RESULTS */;
/*!40101 SET COLLATION_CONNECTION=@OLD_COLLATION_CONNECTION */;
